City,Code,Size,Latitude,Longitude,Population,State
New York,zcMQT,L,40.7127837,-74.0059413,8405837,New York
Los Angeles,oZZEy,M,34.0522342,-118.2436849,3884307,California
Chicago,HytDf,S,41.8781136,-87.6297982,2718782,Illinois
Houston,ImKgR,S,29.7604267,-95.3698028,2195914,Texas
Philadelphia,bzqhj,S,39.9525839,-75.1652215,1553165,Pennsylvania
Phoenix,JtNFm,M,33.4483771,-112.0740373,1513367,Arizona
San Antonio,gIBGn,M,29.4241219,-98.49362819999999,1409019,Texas
San Diego,BYHfs,M,32.715738,-117.1610838,1355896,California
Dallas,jSYfC,S,32.7766642,-96.79698789999999,1257676,Texas
San Jose,XfDRz,M,37.3382082,-121.8863286,998537,California
Austin,wuyow,S,30.267153,-97.7430608,885400,Texas
Indianapolis,GhoWI,L,39.768403,-86.158068,843393,Indiana
Jacksonville,LWALp,L,30.3321838,-81.65565099999999,842583,Florida
San Francisco,kImZj,M,37.7749295,-122.4194155,837442,California
Columbus,xUZHW,L,39.9611755,-82.99879419999999,822553,Ohio
Charlotte,XHXCu,M,35.2270869,-80.8431267,792862,North Carolina
Fort Worth,LrRYP,L,32.7554883,-97.3307658,792727,Texas
Detroit,ZTCzx,L,42.331427,-83.0457538,688701,Michigan
El Paso,GaflA,M,31.7775757,-106.4424559,674433,Texas
Memphis,xXQVx,S,35.1495343,-90.0489801,653450,Tennessee
Seattle,yoPMM,M,47.6062095,-122.3320708,652405,Washington
Denver,fnifp,L,39.7392358,-104.990251,649495,Colorado
Washington,UBiHD,S,38.9071923,-77.0368707,646449,District of Columbia
Boston,pHkIy,L,42.3600825,-71.0588801,645966,Massachusetts
Nashville-Davidson,hAamr,L,36.1626638,-86.7816016,634464,Tennessee
Baltimore,NGGPn,M,39.2903848,-76.6121893,622104,Maryland
Oklahoma City,PieYt,L,35.4675602,-97.5164276,610613,Oklahoma
Louisville/Jefferson County,BBviV,L,38.2526647,-85.7584557,609893,Kentucky
Portland,WGIMR,M,45.5230622,-122.6764816,609456,Oregon
Las Vegas,Fcoqj,M,36.1699412,-115.1398296,603488,Nevada
Milwaukee,zxbcV,S,43.0389025,-87.9064736,599164,Wisconsin
Albuquerque,aqXjv,M,35.0853336,-106.6055534,556495,New Mexico
Tucson,HwABJ,M,32.2217429,-110.926479,526116,Arizona
Fresno,pwxsm,L,36.7468422,-119.7725868,509924,California
Sacramento,AxKjw,S,38.5815719,-121.4943996,479686,California
Long Beach,KhQou,M,33.7700504,-118.1937395,469428,California
Kansas City,FVLXv,L,39.0997265,-94.5785667,467007,Missouri
Mesa,LzYQM,L,33.4151843,-111.8314724,457587,Arizona
Virginia Beach,eiFNn,L,36.8529263,-75.97798499999999,448479,Virginia
Atlanta,HTneU,S,33.7489954,-84.3879824,447841,Georgia
Colorado Springs,woWTU,L,38.8338816,-104.8213634,439886,Colorado
Omaha,afDKH,S,41.2523634,-95.99798829999999,434353,Nebraska
Raleigh,fXnQd,M,35.7795897,-78.6381787,431746,North Carolina
Miami,nDWOq,L,25.7616798,-80.1917902,417650,Florida
Oakland,mgRkA,S,37.8043637,-122.2711137,406253,California
Minneapolis,rwALY,L,44.977753,-93.2650108,400070,Minnesota
Tulsa,bGjFI,S,36.1539816,-95.99277500000001,398121,Oklahoma
Cleveland,OjAxV,M,41.49932,-81.6943605,390113,Ohio
Wichita,pliSK,M,37.688889,-97.336111,386552,Kansas
Arlington,dkzSF,M,32.735687,-97.10806559999999,379577,Texas
New Orleans,MuwFP,S,29.95106579999999,-90.0715323,378715,Louisiana
Bakersfield,cfFWu,S,35.3732921,-119.0187125,363630,California
Tampa,xfVbw,M,27.950575,-82.4571776,352957,Florida
Honolulu,xBRCe,S,21.3069444,-157.8583333,347884,Hawaii
Aurora,AiXGp,M,39.7294319,-104.8319195,345803,Colorado
Anaheim,COxZZ,S,33.8352932,-117.9145036,345012,California
Santa Ana,DgDLy,M,33.7455731,-117.8678338,334227,California
St. Louis,yqSqM,M,38.6270025,-90.19940419999999,318416,Missouri
Riverside,KuELV,L,33.9533487,-117.3961564,316619,California
Corpus Christi,LQmGM,L,27.8005828,-97.39638099999999,316381,Texas
Lexington-Fayette,gMrrU,S,38.0405837,-84.5037164,308428,Kentucky
Pittsburgh,yYKlJ,L,40.44062479999999,-79.9958864,305841,Pennsylvania
Anchorage,vlExD,S,61.2180556,-149.9002778,300950,Alaska
Stockton,unHPa,M,37.9577016,-121.2907796,298118,California
Cincinnati,Ijovy,S,39.1031182,-84.5120196,297517,Ohio
St. Paul,jPInm,M,44.9537029,-93.0899578,294873,Minnesota
Toledo,gkiUJ,L,41.6639383,-83.55521200000001,282313,Ohio
Greensboro,cSwhe,S,36.0726354,-79.7919754,279639,North Carolina
Newark,zKGLk,L,40.735657,-74.1723667,278427,New Jersey
Plano,HRRep,L,33.0198431,-96.6988856,274409,Texas
Henderson,cAurE,S,36.0395247,-114.9817213,270811,Nevada
Lincoln,YhtWY,M,40.8257625,-96.6851982,268738,Nebraska
Buffalo,eSItw,M,42.88644679999999,-78.8783689,258959,New York
Jersey City,flkSX,M,40.72815749999999,-74.0776417,257342,New Jersey
Chula Vista,ltOdM,S,32.6400541,-117.0841955,256780,California
Fort Wayne,iwuQa,L,41.079273,-85.1393513,256496,Indiana
Orlando,KcZRO,M,28.5383355,-81.3792365,255483,Florida
St. Petersburg,yGEPn,M,27.773056,-82.64,249688,Florida
Chandler,ZPCiI,M,33.3061605,-111.8412502,249146,Arizona
Laredo,clyey,S,27.5305671,-99.48032409999999,248142,Texas
Norfolk,ptuHY,S,36.8507689,-76.28587259999999,246139,Virginia
Durham,DSLiG,M,35.9940329,-78.898619,245475,North Carolina
Madison,tkjTV,S,43.0730517,-89.4012302,243344,Wisconsin
Lubbock,jpOue,M,33.5778631,-101.8551665,239538,Texas
Irvine,gHtBk,S,33.6839473,-117.7946942,236716,California
Winston-Salem,HaQbW,S,36.09985959999999,-80.244216,236441,North Carolina
Glendale,lPFrF,L,33.5386523,-112.1859866,234632,Arizona
Garland,zNqnr,S,32.912624,-96.63888329999999,234566,Texas
Hialeah,oSLEf,L,25.8575963,-80.2781057,233394,Florida
Reno,XOeGK,L,39.5296329,-119.8138027,233294,Nevada
Chesapeake,MkhmR,M,36.7682088,-76.2874927,230571,Virginia
Gilbert,HDFVh,S,33.3528264,-111.789027,229972,Arizona
Baton Rouge,bZNrv,L,30.4582829,-91.1403196,229426,Louisiana
Irving,qqMRa,L,32.8140177,-96.9488945,228653,Texas
Scottsdale,yuPlp,L,33.4941704,-111.9260519,226918,Arizona
North Las Vegas,EgDVY,M,36.1988592,-115.1175013,226877,Nevada
Fremont,oJRnH,S,37.5482697,-121.9885719,224922,California
Boise City,Ulvwf,M,43.6187102,-116.2146068,214237,Idaho
Richmond,Zdkte,M,37.5407246,-77.4360481,214114,Virginia
San Bernardino,vuCOP,S,34.1083449,-117.2897652,213708,California
Birmingham,kLAcH,L,33.5206608,-86.80248999999999,212113,Alabama
Spokane,XGhbO,L,47.6587802,-117.4260466,210721,Washington
Rochester,XQaHJ,M,43.16103,-77.6109219,210358,New York
Des Moines,xHllz,S,41.6005448,-93.6091064,207510,Iowa
Modesto,XEmIJ,L,37.63909719999999,-120.9968782,204933,California
Fayetteville,orpMr,M,35.0526641,-78.87835849999999,204408,North Carolina
Tacoma,jyrvB,L,47.2528768,-122.4442906,203446,Washington
Oxnard,DiWdM,L,34.1975048,-119.1770516,203007,California
Fontana,pJbdt,M,34.0922335,-117.435048,203003,California
Columbus,aQesR,M,32.4609764,-84.9877094,202824,Georgia
Montgomery,yaVEF,L,32.3668052,-86.2999689,201332,Alabama
Moreno Valley,NRoJG,L,33.9424658,-117.2296717,201175,California
Shreveport,aTfZz,M,32.5251516,-93.7501789,200327,Louisiana
Aurora,oWLEE,L,41.7605849,-88.32007150000001,199963,Illinois
Yonkers,yutoT,S,40.9312099,-73.89874689999999,199766,New York
Akron,dGvdC,S,41.0814447,-81.51900529999999,198100,Ohio
Huntington Beach,AYYHE,M,33.660297,-117.9992265,197575,California
Little Rock,Pqphe,S,34.7464809,-92.28959479999999,197357,Arkansas
Augusta-Richmond County,VZEKW,S,33.4734978,-82.0105148,197350,Georgia
Amarillo,WRVNv,S,35.2219971,-101.8312969,196429,Texas
Glendale,iHfaD,L,34.1425078,-118.255075,196021,California
Mobile,alDAd,M,30.6953657,-88.0398912,194899,Alabama
Grand Rapids,flZxQ,M,42.9633599,-85.6680863,192294,Michigan
Salt Lake City,NoAhW,M,40.7607793,-111.8910474,191180,Utah
Tallahassee,MRUez,L,30.4382559,-84.28073289999999,186411,Florida
Huntsville,jqVSB,L,34.7303688,-86.5861037,186254,Alabama
Grand Prairie,aEZLq,L,32.7459645,-96.99778459999999,183372,Texas
Knoxville,jFHnp,M,35.9606384,-83.9207392,183270,Tennessee
Worcester,niuao,L,42.2625932,-71.8022934,182544,Massachusetts
Newport News,uxoTY,M,37.0870821,-76.4730122,182020,Virginia
Brownsville,QfxWo,M,25.9017472,-97.4974838,181860,Texas
Overland Park,AgdDr,L,38.9822282,-94.6707917,181260,Kansas
Santa Clarita,zDqyD,S,34.3916641,-118.542586,179590,California
Providence,DQdfx,S,41.8239891,-71.4128343,177994,Rhode Island
Garden Grove,GrqPo,L,33.7739053,-117.9414477,175140,California
Chattanooga,eSTsG,S,35.0456297,-85.3096801,173366,Tennessee
Oceanside,oqAWv,S,33.1958696,-117.3794834,172794,California
Jackson,TbVIw,S,32.2987573,-90.1848103,172638,Mississippi
Fort Lauderdale,FCIWC,M,26.1224386,-80.13731740000001,172389,Florida
Santa Rosa,wAqsT,L,38.440429,-122.7140548,171990,California
Rancho Cucamonga,UmHsj,S,34.10639889999999,-117.5931084,171386,California
Port St. Lucie,aOMVv,M,27.2730492,-80.3582261,171016,Florida
Tempe,DgKsH,S,33.4255104,-111.9400054,168228,Arizona
Ontario,XAQvR,M,34.0633443,-117.6508876,167500,California
Vancouver,VMttA,L,45.6387281,-122.6614861,167405,Washington
Cape Coral,RMmcx,M,26.5628537,-81.9495331,165831,Florida
Sioux Falls,fGpJo,M,43.5445959,-96.73110340000001,164676,South Dakota
Springfield,gQLfK,M,37.2089572,-93.29229889999999,164122,Missouri
Peoria,NwOBS,L,33.5805955,-112.2373779,162592,Arizona
Pembroke Pines,vpVkm,M,26.007765,-80.2962555,162329,Florida
Elk Grove,BvaxX,L,38.4087993,-121.3716178,161007,California
Salem,WkQEr,L,44.9428975,-123.0350963,160614,Oregon
Lancaster,NEJMD,S,34.6867846,-118.1541632,159523,California
Corona,iWElQ,L,33.8752935,-117.5664384,159503,California
Eugene,uBeRU,L,44.0520691,-123.0867536,159190,Oregon
Palmdale,IGvms,M,34.5794343,-118.1164613,157161,California
Salinas,QtidG,M,36.6777372,-121.6555013,155662,California
Springfield,QAbBt,L,42.1014831,-72.589811,153703,Massachusetts
Pasadena,GlqCH,L,29.6910625,-95.2091006,152735,Texas
Fort Collins,clIpF,S,40.5852602,-105.084423,152061,Colorado
Hayward,hgYlA,L,37.6688205,-122.0807964,151574,California
Pomona,GXuAF,L,34.055103,-117.7499909,151348,California
Cary,aTYKa,L,35.79154,-78.7811169,151088,North Carolina
Rockford,jDKYr,M,42.2711311,-89.0939952,150251,Illinois
Alexandria,HpDxV,L,38.8048355,-77.0469214,148892,Virginia
Escondido,yKFQJ,M,33.1192068,-117.086421,148738,California
McKinney,mYRzy,S,33.1972465,-96.6397822,148559,Texas
Kansas City,YbrVf,S,39.114053,-94.6274636,148483,Kansas
Joliet,OnxjQ,L,41.525031,-88.0817251,147806,Illinois
Sunnyvale,TSqRr,S,37.36883,-122.0363496,147559,California
Torrance,NDtjR,L,33.8358492,-118.3406288,147478,California
Bridgeport,kPsmd,L,41.1865478,-73.19517669999999,147216,Connecticut
Lakewood,GeMWZ,L,39.7047095,-105.0813734,147214,Colorado
Hollywood,Dgwbu,L,26.0112014,-80.1494901,146526,Florida
Paterson,RJOUN,S,40.9167654,-74.17181099999999,145948,New Jersey
Naperville,KOOGk,M,41.7508391,-88.1535352,144864,Illinois
Syracuse,etwzA,M,43.0481221,-76.14742439999999,144669,New York
Mesquite,gkJwL,S,32.76679550000001,-96.5991593,143484,Texas
Dayton,TkCEQ,S,39.7589478,-84.1916069,143355,Ohio
Savannah,mfVba,S,32.0835407,-81.09983419999999,142772,Georgia
Clarksville,iVjoX,M,36.5297706,-87.3594528,142357,Tennessee
Orange,xNjcJ,M,33.7877944,-117.8531119,139969,California
Pasadena,GQUGT,M,34.1477849,-118.1445155,139731,California
Fullerton,YaHYp,M,33.8703596,-117.9242966,138981,California
Killeen,XPLIp,L,31.1171194,-97.72779589999999,137147,Texas
Frisco,KhXqf,L,33.1506744,-96.82361159999999,136791,Texas
Hampton,nBQnc,M,37.0298687,-76.34522179999999,136699,Virginia
McAllen,TbFwW,M,26.2034071,-98.23001239999999,136639,Texas
Warren,kNhde,M,42.5144566,-83.01465259999999,134873,Michigan
Bellevue,dhFID,S,47.610377,-122.2006786,133992,Washington
West Valley City,EZiaQ,L,40.6916132,-112.0010501,133579,Utah
Columbia,sLFmF,L,34.0007104,-81.0348144,133358,South Carolina
Olathe,toqFu,L,38.8813958,-94.81912849999999,131885,Kansas
Sterling Heights,PdveO,S,42.5803122,-83.0302033,131224,Michigan
New Haven,BzZTV,M,41.308274,-72.9278835,130660,Connecticut
Miramar,khBfg,M,25.9860762,-80.30356019999999,130288,Florida
Waco,Brbyo,L,31.549333,-97.1466695,129030,Texas
Thousand Oaks,hxCJQ,M,34.1705609,-118.8375937,128731,California
Cedar Rapids,PXenY,S,41.9778795,-91.6656232,128429,Iowa
Charleston,cwtDX,S,32.7764749,-79.93105120000001,127999,South Carolina
Visalia,eUPbR,L,36.3302284,-119.2920585,127763,California
Topeka,WmlnQ,M,39.0558235,-95.68901849999999,127679,Kansas
Elizabeth,kOlaN,L,40.6639916,-74.2107006,127558,New Jersey
Gainesville,yrQct,L,29.6516344,-82.32482619999999,127488,Florida
Thornton,WJdpA,L,39.8680412,-104.9719243,127359,Colorado
Roseville,fXWVR,S,38.7521235,-121.2880059,127035,California
Carrollton,NMxTB,M,32.9756415,-96.8899636,126700,Texas
Coral Springs,pUtri,L,26.271192,-80.2706044,126604,Florida
Stamford,wnZIE,S,41.0534302,-73.5387341,126456,Connecticut
Simi Valley,TgYFa,M,34.2694474,-118.781482,126181,California
Concord,aNprq,L,37.9779776,-122.0310733,125880,California
Hartford,FLcJk,S,41.76371109999999,-72.6850932,125017,Connecticut
Kent,DsvRZ,M,47.3809335,-122.2348431,124435,Washington
Lafayette,MUHIO,M,30.2240897,-92.0198427,124276,Louisiana
Midland,PnQku,L,31.9973456,-102.0779146,123933,Texas
Surprise,auapI,M,33.6292337,-112.3679279,123546,Arizona
Denton,OgydP,L,33.2148412,-97.13306829999999,123099,Texas
Victorville,zFXxM,M,34.5362184,-117.2927641,121096,California
Evansville,zQzLp,S,37.9715592,-87.5710898,120310,Indiana
Santa Clara,FIAJK,M,37.3541079,-121.9552356,120245,California
Abilene,fhhcY,S,32.4487364,-99.73314390000002,120099,Texas
Athens-Clarke County,zghcv,S,33.9519347,-83.357567,119980,Georgia
Vallejo,KIJls,M,38.1040864,-122.2566367,118837,California
Allentown,wdpvP,L,40.6084305,-75.4901833,118577,Pennsylvania
Norman,fFXEw,S,35.2225668,-97.4394777,118197,Oklahoma
Beaumont,qYLhG,M,30.080174,-94.1265562,117796,Texas
Independence,VuEHV,S,39.0911161,-94.41550679999999,117240,Missouri
Murfreesboro,GlgRx,L,35.8456213,-86.39027,117044,Tennessee
Ann Arbor,nvdSW,M,42.2808256,-83.7430378,117025,Michigan
Springfield,kOoCc,L,39.78172130000001,-89.6501481,117006,Illinois
Berkeley,UbVdI,M,37.8715926,-122.272747,116768,California
Peoria,NssPe,M,40.6936488,-89.5889864,116513,Illinois
Provo,xFuoR,L,40.2338438,-111.6585337,116288,Utah
El Monte,DTMgX,M,34.0686206,-118.0275667,115708,California
Columbia,mlJlb,S,38.9517053,-92.3340724,115276,Missouri
Lansing,ymBoG,L,42.732535,-84.5555347,113972,Michigan
Fargo,IaTIL,L,46.8771863,-96.7898034,113658,North Dakota
Downey,RDRbk,S,33.9401088,-118.1331593,113242,California
Costa Mesa,PEdzJ,L,33.6411316,-117.9186689,112174,California
Wilmington,uvYKG,L,34.2257255,-77.9447102,112067,North Carolina
Arvada,kaKpY,L,39.8027644,-105.0874842,111707,Colorado
Inglewood,SeXAD,S,33.9616801,-118.3531311,111542,California
Miami Gardens,QMmbL,S,25.9420377,-80.2456045,111378,Florida
Carlsbad,AGZKo,S,33.1580933,-117.3505939,110972,California
Westminster,TScRb,M,39.8366528,-105.0372046,110945,Colorado
Rochester,KGAMJ,S,44.0121221,-92.4801989,110742,Minnesota
Odessa,JViUc,S,31.8456816,-102.3676431,110720,Texas
Manchester,KAhnw,S,42.9956397,-71.4547891,110378,New Hampshire
Elgin,xhPHG,S,42.0354084,-88.2825668,110145,Illinois
West Jordan,ZSErb,L,40.6096698,-111.9391031,110077,Utah
Round Rock,PuWMA,M,30.5082551,-97.678896,109821,Texas
Clearwater,IXpTk,S,27.9658533,-82.8001026,109703,Florida
Waterbury,soqBT,M,41.5581525,-73.0514965,109676,Connecticut
Gresham,UYTSr,L,45.5001357,-122.4302013,109397,Oregon
Fairfield,cfLcc,M,38.24935809999999,-122.0399663,109320,California
Billings,LCmQP,L,45.7832856,-108.5006904,109059,Montana
Lowell,zQebo,M,42.6334247,-71.31617179999999,108861,Massachusetts
San Buenaventura (Ventura),hWvFA,L,34.274646,-119.2290316,108817,California
Pueblo,tqpRp,L,38.2544472,-104.6091409,108249,Colorado
High Point,hUecU,S,35.9556923,-80.0053176,107741,North Carolina
West Covina,wyZhm,S,34.0686208,-117.9389526,107740,California
Richmond,EOVmQ,M,37.9357576,-122.3477486,107571,California
Murrieta,wdJWS,M,33.5539143,-117.2139232,107479,California
Cambridge,vVlLg,S,42.3736158,-71.10973349999999,107289,Massachusetts
Antioch,dvYIP,L,38.0049214,-121.805789,107100,California
Temecula,EYsXj,S,33.4936391,-117.1483648,106780,California
Norwalk,IJRUx,L,33.9022367,-118.081733,106589,California
Centennial,BQvxj,S,39.5807452,-104.8771726,106114,Colorado
Everett,MZeaV,L,47.9789848,-122.2020794,105370,Washington
Palm Bay,GdwjX,M,28.0344621,-80.5886646,104898,Florida
Wichita Falls,XzDRI,L,33.9137085,-98.4933873,104898,Texas
Green Bay,SfoCb,S,44.51915899999999,-88.019826,104779,Wisconsin
Daly City,XHZpl,L,37.6879241,-122.4702079,104739,California
Burbank,qhGWw,S,34.1808392,-118.3089661,104709,California
Richardson,EyAMJ,M,32.9483335,-96.7298519,104475,Texas
Pompano Beach,cOkai,M,26.2378597,-80.1247667,104410,Florida
North Charleston,ErNKN,M,32.8546197,-79.9748103,104054,South Carolina
Broken Arrow,LUZXk,L,36.060949,-95.7974526,103500,Oklahoma
Boulder,LCbTC,S,40.0149856,-105.2705456,103166,Colorado
West Palm Beach,aFBqj,S,26.7153424,-80.0533746,102436,Florida
Santa Maria,LgLtU,M,34.9530337,-120.4357191,102216,California
El Cajon,SVJuK,M,32.7947731,-116.9625269,102211,California
Davenport,VgqlC,S,41.5236437,-90.5776367,102157,Iowa
Rialto,lNIwZ,L,34.1064001,-117.3703235,101910,California
Las Cruces,nrDwj,M,32.3199396,-106.7636538,101324,New Mexico
San Mateo,mTYLg,L,37.5629917,-122.3255254,101128,California
Lewisville,kZqaY,M,33.046233,-96.994174,101074,Texas
South Bend,biUrp,L,41.6763545,-86.25198979999999,100886,Indiana
Lakeland,dySwt,M,28.0394654,-81.9498042,100710,Florida
Erie,nXTSo,S,42.12922409999999,-80.085059,100671,Pennsylvania
Tyler,NYJYP,L,32.3512601,-95.30106239999999,100223,Texas
Pearland,TdqRz,M,29.5635666,-95.2860474,100065,Texas
College Station,DLuNM,S,30.627977,-96.3344068,100050,Texas
Kenosha,iOdxH,M,42.5847425,-87.82118539999999,99889,Wisconsin
Sandy Springs,gKrAl,M,33.9304352,-84.3733147,99770,Georgia
Clovis,qjOML,S,36.8252277,-119.7029194,99769,California
Flint,vzFzF,M,43.0125274,-83.6874562,99763,Michigan
Roanoke,IedHV,L,37.2709704,-79.9414266,98465,Virginia
Albany,eZrvP,S,42.6525793,-73.7562317,98424,New York
Jurupa Valley,iflfM,M,33.9971974,-117.4854802,98030,California
Compton,ylIMC,M,33.8958492,-118.2200712,97877,California
San Angelo,VMeqN,L,31.4637723,-100.4370375,97492,Texas
Hillsboro,AwOZr,M,45.5228939,-122.989827,97368,Oregon
Lawton,SiIRG,M,34.6035669,-98.39592909999999,97151,Oklahoma
Renton,KMQJh,S,47.48287759999999,-122.2170661,97003,Washington
Vista,ZkYJi,L,33.2000368,-117.2425355,96929,California
Davie,QivYi,M,26.0764783,-80.25211569999999,96830,Florida
Greeley,jdRdI,L,40.4233142,-104.7091322,96539,Colorado
Mission Viejo,dlRPu,M,33.6000232,-117.6719953,96346,California
Portsmouth,AEzua,M,36.8354258,-76.2982742,96205,Virginia
Dearborn,udeoO,L,42.3222599,-83.17631449999999,95884,Michigan
South Gate,tIbkH,M,33.954737,-118.2120161,95677,California
Tuscaloosa,jnckU,S,33.2098407,-87.56917349999999,95334,Alabama
Livonia,UqKHU,M,42.36837,-83.35270969999999,95208,Michigan
New Bedford,fvvzF,L,41.6362152,-70.93420499999999,95078,Massachusetts
Vacaville,ubBvJ,S,38.3565773,-121.9877444,94275,California
Brockton,jcBKP,M,42.0834335,-71.0183787,94089,Massachusetts
Roswell,MZufH,S,34.0232431,-84.3615555,94034,Georgia
Beaverton,leBWA,M,45.48706199999999,-122.8037102,93542,Oregon
Quincy,FZkIh,L,42.2528772,-71.0022705,93494,Massachusetts
Sparks,QcxGX,M,39.5349112,-119.7526886,93282,Nevada
Yakima,OYDFS,M,46.6020711,-120.5058987,93257,Washington
Lee's Summit,CWpDO,M,38.9108408,-94.3821724,93184,Missouri
Federal Way,yMpVe,L,47.3223221,-122.3126222,92734,Washington
Carson,NHPBK,S,33.8316745,-118.281693,92599,California
Santa Monica,BTfXS,L,34.0194543,-118.4911912,92472,California
Hesperia,GYwgd,M,34.4263886,-117.3008784,92147,California
Allen,SJHSM,M,33.1031744,-96.67055030000002,92020,Texas
Rio Rancho,eaOwZ,M,35.2327544,-106.6630437,91956,New Mexico
Yuma,GegCn,S,32.6926512,-114.6276916,91923,Arizona
Westminster,CVdHm,S,33.7513419,-117.9939921,91739,California
Orem,piDSU,M,40.2968979,-111.6946475,91648,Utah
Lynn,uHFdq,M,42.46676300000001,-70.9494938,91589,Massachusetts
Redding,VBvsZ,M,40.5865396,-122.3916754,91119,California
Spokane Valley,OaonV,M,47.6732281,-117.2393748,91113,Washington
Miami Beach,WxCuC,S,25.790654,-80.1300455,91026,Florida
League City,lrdmQ,L,29.5074538,-95.0949303,90983,Texas
Lawrence,XDBOn,M,38.9716689,-95.2352501,90811,Kansas
Santa Barbara,zKiCg,L,34.4208305,-119.6981901,90412,California
Plantation,GhWjC,S,26.1275862,-80.23310359999999,90268,Florida
Sandy,rLgcW,S,40.5649781,-111.8389726,90231,Utah
Sunrise,Kmhev,M,26.1669711,-80.25659499999999,90116,Florida
Macon,JMnTL,S,32.8406946,-83.6324022,89981,Georgia
Longmont,tygbv,M,40.1672068,-105.1019275,89919,Colorado
Boca Raton,KSaTN,L,26.3683064,-80.1289321,89407,Florida
San Marcos,kYhLY,M,33.1433723,-117.1661449,89387,California
Greenville,IQpeV,L,35.612661,-77.3663538,89130,North Carolina
Waukegan,SSGhM,M,42.3636331,-87.84479379999999,88826,Illinois
Fall River,qMQqC,L,41.7014912,-71.1550451,88697,Massachusetts
Chico,iaKlv,L,39.7284944,-121.8374777,88077,California
Newton,uTDfX,M,42.3370413,-71.20922139999999,87971,Massachusetts
San Leandro,EywWq,L,37.7249296,-122.1560768,87965,California
Reading,YsTui,S,40.3356483,-75.9268747,87893,Pennsylvania
Norwalk,KNCJS,M,41.11774399999999,-73.4081575,87776,Connecticut
Fort Smith,WuKsx,L,35.3859242,-94.39854749999999,87650,Arkansas
Newport Beach,ANVEy,M,33.6189101,-117.9289469,87273,California
Asheville,UWaYX,L,35.5950581,-82.5514869,87236,North Carolina
Nashua,ssYLB,M,42.7653662,-71.46756599999999,87137,New Hampshire
Edmond,setOB,M,35.6528323,-97.47809540000002,87004,Oklahoma
Whittier,hsrSA,L,33.9791793,-118.032844,86635,California
Nampa,kqluk,S,43.5407172,-116.5634624,86518,Idaho
Bloomington,JYZuR,M,44.840798,-93.2982799,86319,Minnesota
Deltona,STRTS,S,28.9005446,-81.26367379999999,86290,Florida
Hawthorne,qTePA,L,33.9164032,-118.3525748,86199,California
Duluth,mSMBw,M,46.78667189999999,-92.1004852,86128,Minnesota
Carmel,dDwYL,M,39.978371,-86.1180435,85927,Indiana
Suffolk,Xgsru,L,36.7282054,-76.5835621,85728,Virginia
Clifton,ZetEh,S,40.8584328,-74.16375529999999,85390,New Jersey
Citrus Heights,vlvxB,S,38.7071247,-121.2810611,85285,California
Livermore,PGFlN,L,37.6818745,-121.7680088,85156,California
Tracy,hwJkd,M,37.7396513,-121.4252227,84691,California
Alhambra,jtVyk,L,34.095287,-118.1270146,84577,California
Kirkland,rbgKb,L,47.6814875,-122.2087353,84430,Washington
Trenton,DUdIG,L,40.2170534,-74.7429384,84349,New Jersey
Ogden,GYZVK,S,41.223,-111.9738304,84249,Utah
Hoover,QliAf,S,33.4053867,-86.8113781,84126,Alabama
Cicero,NlLfn,L,41.8455877,-87.7539448,84103,Illinois
Fishers,tmKjH,M,39.9567548,-86.01335,83891,Indiana
Sugar Land,kqimz,M,29.6196787,-95.6349463,83860,Texas
Danbury,slAfl,L,41.394817,-73.4540111,83684,Connecticut
Meridian,Vahai,L,43.6121087,-116.3915131,83596,Idaho
Indio,tXPLn,S,33.7205771,-116.2155619,83539,California
Concord,ePGqv,S,35.4087517,-80.579511,83506,North Carolina
Menifee,zCCRP,L,33.6971468,-117.185294,83447,California
Champaign,hMOUE,L,40.1164204,-88.2433829,83424,Illinois
Buena Park,ntrCa,M,33.8675143,-117.9981181,82882,California
Troy,GmWQr,M,42.6064095,-83.1497751,82821,Michigan
O'Fallon,egwMA,S,38.8106075,-90.69984769999999,82809,Missouri
Johns Creek,HaEgD,L,34.0289259,-84.198579,82788,Georgia
Bellingham,xdCJc,L,48.74908,-122.4781473,82631,Washington
Westland,okJyN,L,42.32420399999999,-83.400211,82578,Michigan
Bloomington,ThPsv,M,39.165325,-86.52638569999999,82575,Indiana
Sioux City,VWPwm,L,42.4999942,-96.40030689999999,82459,Iowa
Warwick,UdIGN,S,41.7001009,-71.4161671,81971,Rhode Island
Hemet,rHBoM,L,33.7475203,-116.9719684,81750,California
Longview,AjNQi,S,32.5007037,-94.74048909999999,81443,Texas
Farmington Hills,nHGfU,M,42.4989936,-83.3677168,81295,Michigan
Bend,vwXuA,L,44.0581728,-121.3153096,81236,Oregon
Lakewood,ZJRDH,S,33.8536269,-118.1339563,81121,California
Merced,KNnBR,L,37.3021632,-120.4829677,81102,California
Mission,JubAv,S,26.2159066,-98.32529319999999,81050,Texas
Chino,MJXcE,L,34.0122346,-117.688944,80988,California
Redwood City,lzuFZ,L,37.48521520000001,-122.2363548,80872,California
Edinburg,NbkzT,S,26.3017374,-98.1633432,80836,Texas
Cranston,dbLLF,L,41.7798226,-71.4372796,80566,Rhode Island
Parma,CGXWX,S,41.4047742,-81.7229086,80429,Ohio
New Rochelle,Lnbox,S,40.9114882,-73.7823549,79446,New York
Lake Forest,OOCWw,S,33.6469661,-117.689218,79312,California
Napa,oJjpd,L,38.2975381,-122.286865,79068,California
Hammond,gEHsH,S,41.5833688,-87.5000412,78967,Indiana
Fayetteville,wzYak,S,36.0625795,-94.1574263,78960,Arkansas
Bloomington,zgXpN,L,40.4842027,-88.99368729999999,78902,Illinois
Avondale,oyfDZ,L,33.4355977,-112.3496021,78822,Arizona
Somerville,OKaQl,S,42.3875968,-71.0994968,78804,Massachusetts
Palm Coast,rNDTc,L,29.5844524,-81.20786989999999,78740,Florida
Bryan,vZRdZ,M,30.6743643,-96.3699632,78709,Texas
Gary,PEvtn,M,41.5933696,-87.3464271,78450,Indiana
Largo,sYwQV,L,27.9094665,-82.7873244,78409,Florida
Brooklyn Park,KBwCt,S,45.0941315,-93.3563405,78373,Minnesota
Tustin,mPuGW,S,33.7458511,-117.826166,78327,California
Racine,yTBDy,S,42.7261309,-87.78285230000002,78199,Wisconsin
Deerfield Beach,CueVE,S,26.3184123,-80.09976569999999,78041,Florida
Lynchburg,qkxue,S,37.4137536,-79.14224639999999,78014,Virginia
Mountain View,LYhDl,L,37.3860517,-122.0838511,77846,California
Medford,gndlW,L,42.3265152,-122.8755949,77677,Oregon
Lawrence,Lmlko,L,42.7070354,-71.1631137,77657,Massachusetts
Bellflower,JWBfD,M,33.8816818,-118.1170117,77593,California
Melbourne,bIJKs,S,28.0836269,-80.60810889999999,77508,Florida
St. Joseph,wqsBh,L,39.7674578,-94.84668099999999,77147,Missouri
Camden,UcLrz,M,39.9259463,-75.1196199,76903,New Jersey
St. George,QOSbc,L,37.0965278,-113.5684164,76817,Utah
Kennewick,sMqHg,M,46.2112458,-119.1372338,76762,Washington
Baldwin Park,ehiBf,M,34.0852868,-117.9608978,76635,California
Chino Hills,ddZJd,S,33.9898188,-117.7325848,76572,California
Alameda,CrzOh,L,37.7652065,-122.2416355,76419,California
Albany,RDaEM,S,31.5785074,-84.15574099999999,76185,Georgia
Arlington Heights,djmvH,S,42.0883603,-87.98062650000001,75994,Illinois
Scranton,ndGUZ,M,41.408969,-75.66241219999999,75806,Pennsylvania
Evanston,vOfCn,L,42.0450722,-87.68769689999999,75570,Illinois
Kalamazoo,BTaZB,L,42.2917069,-85.5872286,75548,Michigan
Baytown,Bxwxe,L,29.7355047,-94.97742740000001,75418,Texas
Upland,aaCPZ,M,34.09751,-117.6483876,75413,California
Springdale,BlIdp,L,36.18674420000001,-94.1288141,75229,Arkansas
Bethlehem,VBYtQ,L,40.6259316,-75.37045789999999,75018,Pennsylvania
Schaumburg,ZpOOw,M,42.0333607,-88.0834059,74907,Illinois
Mount Pleasant,fRyHQ,S,32.8323225,-79.82842579999999,74885,South Carolina
Auburn,ttEre,L,47.30732279999999,-122.2284532,74860,Washington
Decatur,XfzNT,S,39.8403147,-88.9548001,74710,Illinois
San Ramon,KFoSd,S,37.7799273,-121.9780153,74513,California
Pleasanton,WTDQv,M,37.6624312,-121.8746789,74110,California
Wyoming,MkNMD,L,42.9133602,-85.7053085,74100,Michigan
Lake Charles,KBamU,L,30.2265949,-93.2173758,74024,Louisiana
Plymouth,xViNc,S,45.0105194,-93.4555093,73987,Minnesota
Bolingbrook,gKIyA,L,41.69864159999999,-88.0683955,73936,Illinois
Pharr,OdkJD,L,26.1947962,-98.1836216,73790,Texas
Appleton,zxAJF,S,44.2619309,-88.41538469999999,73596,Wisconsin
Gastonia,Igdvq,L,35.262082,-81.18730049999999,73209,North Carolina
Folsom,wiIhA,S,38.6779591,-121.1760583,73098,California
Southfield,FnFgI,S,42.4733688,-83.2218731,73006,Michigan
Rochester Hills,wJMYW,L,42.65836609999999,-83.1499322,72952,Michigan
New Britain,mjplW,S,41.6612104,-72.7795419,72939,Connecticut
Goodyear,eDTeH,M,33.4353394,-112.3576567,72864,Arizona
Canton,TIOBi,L,40.79894729999999,-81.378447,72535,Ohio
Warner Robins,xwKsc,M,32.6130007,-83.624201,72531,Georgia
Union City,stMiO,L,37.5933918,-122.0438298,72528,California
Perris,HawXD,L,33.7825194,-117.2286478,72326,California
Manteca,rfDaa,S,37.7974273,-121.2160526,71948,California
Iowa City,OXAud,L,41.6611277,-91.5301683,71591,Iowa
Jonesboro,lglks,S,35.84229670000001,-90.704279,71551,Arkansas
Wilmington,nTacC,S,39.7390721,-75.5397878,71525,Delaware
Lynwood,SeDoA,L,33.930293,-118.2114603,71371,California
Loveland,TGccw,S,40.3977612,-105.0749801,71334,Colorado
Pawtucket,XBWmR,M,41.878711,-71.38255579999999,71172,Rhode Island
Boynton Beach,gykMD,S,26.5317866,-80.0905465,71097,Florida
Waukesha,wEQqZ,L,43.0116784,-88.2314813,71016,Wisconsin
Gulfport,NyJnU,L,30.3674198,-89.0928155,71012,Mississippi
Apple Valley,DXhHc,M,34.5008311,-117.1858759,70924,California
Passaic,qDvAh,S,40.8567662,-74.1284764,70868,New Jersey
Rapid City,nUTHk,L,44.0805434,-103.2310149,70812,South Dakota
Layton,acGxm,M,41.0602216,-111.9710529,70790,Utah
Lafayette,shnja,L,40.4167022,-86.87528689999999,70373,Indiana
Turlock,KFUGw,S,37.4946568,-120.8465941,70365,California
Muncie,UDpYo,M,40.1933767,-85.3863599,70316,Indiana
Temple,LplpW,S,31.0982344,-97.342782,70190,Texas
Missouri City,aZUOR,M,29.6185669,-95.5377215,70185,Texas
Redlands,FWGHn,L,34.0555693,-117.1825381,69999,California
Santa Fe,LtwFp,S,35.6869752,-105.937799,69976,New Mexico
Lauderhill,bRHtm,S,26.1403635,-80.2133808,69813,Florida
Milpitas,MkghG,M,37.4323341,-121.8995741,69783,California
Palatine,Ikadb,S,42.1103041,-88.03424000000001,69350,Illinois
Missoula,HZIVT,S,46.87871759999999,-113.996586,69122,Montana
Rock Hill,WDVmp,L,34.9248667,-81.02507840000001,69103,South Carolina
Jacksonville,ozDIX,S,34.7540524,-77.4302414,69079,North Carolina
Franklin,qIDXq,S,35.9250637,-86.8688899,68886,Tennessee
Flagstaff,CTQfN,S,35.1982836,-111.651302,68667,Arizona
Flower Mound,QgAhx,M,33.0145673,-97.0969552,68609,Texas
Weston,slAcJ,S,26.1003654,-80.3997748,68388,Florida
Waterloo,vmrLU,S,42.492786,-92.34257749999999,68366,Iowa
Union City,yTHEh,M,40.6975898,-74.26316349999999,68247,New Jersey
Mount Vernon,lGoVa,S,40.9125992,-73.8370786,68224,New York
Fort Myers,IRJuG,S,26.640628,-81.8723084,68190,Florida
Dothan,psBFq,M,31.2232313,-85.3904888,68001,Alabama
Rancho Cordova,VbuxQ,L,38.5890723,-121.302728,67911,California
Redondo Beach,uKndT,S,33.8491816,-118.3884078,67815,California
Jackson,fxCIy,M,35.6145169,-88.81394689999999,67685,Tennessee
Pasco,zGyGG,L,46.2395793,-119.1005657,67599,Washington
St. Charles,uAkbh,S,38.7881062,-90.4974359,67569,Missouri
Eau Claire,EwABN,L,44.811349,-91.4984941,67545,Wisconsin
North Richland Hills,bxvtl,M,32.8342952,-97.2289029,67317,Texas
Bismarck,mqxxj,S,46.8083268,-100.7837392,67034,North Dakota
Yorba Linda,tsOJz,M,33.8886259,-117.8131125,67032,California
Kenner,GzhSX,S,29.9940924,-90.2417434,66975,Louisiana
Walnut Creek,kvryu,M,37.9100783,-122.0651819,66900,California
Frederick,ZwgUp,S,39.41426879999999,-77.4105409,66893,Maryland
Oshkosh,NUeWz,L,44.0247062,-88.5426136,66778,Wisconsin
Pittsburg,vKyIK,M,38.0279762,-121.8846806,66695,California
Palo Alto,AmWQO,M,37.4418834,-122.1430195,66642,California
Bossier City,fQyRo,M,32.5159852,-93.7321228,66333,Louisiana
Portland,hjPHN,S,43.66147100000001,-70.2553259,66318,Maine
St. Cloud,POqse,M,45.5579451,-94.16324039999999,66297,Minnesota
Davis,EVDgI,L,38.5449065,-121.7405167,66205,California
South San Francisco,IPcfn,L,37.654656,-122.4077498,66174,California
Camarillo,MeMGs,S,34.2163937,-119.0376023,66086,California
North Little Rock,jAhpX,M,34.769536,-92.2670941,66075,Arkansas
Schenectady,uGDff,M,42.8142432,-73.9395687,65902,New York
Gaithersburg,gOkdO,M,39.1434406,-77.2013705,65690,Maryland
Harlingen,jWIre,L,26.1906306,-97.69610259999999,65665,Texas
Woodbury,fHpMI,S,44.9238552,-92.9593797,65656,Minnesota
Eagan,lVMVN,M,44.8041322,-93.1668858,65453,Minnesota
Yuba City,GSRWU,S,39.1404477,-121.6169108,65416,California
Maple Grove,idOvW,L,45.0724642,-93.4557877,65415,Minnesota
Youngstown,VWqbE,L,41.0997803,-80.6495194,65184,Ohio
Skokie,vLmKV,S,42.0324025,-87.7416246,65176,Illinois
Kissimmee,aWOOV,S,28.2919557,-81.40757099999999,65173,Florida
Johnson City,kRrkx,S,36.3134397,-82.3534727,65123,Tennessee
Victoria,QkEUL,M,28.8052674,-97.0035982,65098,Texas
San Clemente,uFpQH,S,33.4269728,-117.6119925,65040,California
Bayonne,rkxtL,M,40.6687141,-74.1143091,65028,New Jersey
Laguna Niguel,talwS,L,33.5225261,-117.7075526,64652,California
East Orange,UaAMB,S,40.767323,-74.2048677,64544,New Jersey
Shawnee,UAeYW,M,39.02284849999999,-94.7151865,64323,Kansas
Homestead,eyUEn,S,25.4687224,-80.4775569,64079,Florida
Rockville,PjnUz,L,39.0839973,-77.1527578,64072,Maryland
Delray Beach,ODyWO,S,26.4614625,-80.0728201,64072,Florida
Janesville,VHTBY,M,42.6827885,-89.0187222,63820,Wisconsin
Conway,qfuvj,L,35.0886963,-92.4421011,63816,Arkansas
Pico Rivera,GWKlk,L,33.9830688,-118.096735,63771,California
Lorain,uDRja,M,41.452819,-82.1823746,63710,Ohio
Montebello,xncbm,S,34.0165053,-118.1137535,63495,California
Lodi,QqxEp,S,38.1341477,-121.2722194,63338,California
New Braunfels,QrNwO,M,29.7030024,-98.1244531,63279,Texas
Marysville,Sahxf,L,48.0517637,-122.1770818,63269,Washington
Tamarac,oRlni,L,26.2128609,-80.2497707,63155,Florida
Madera,pWhCP,M,36.9613356,-120.0607176,63105,California
Conroe,nYIib,L,30.3118769,-95.45605119999999,63032,Texas
Santa Cruz,lDLzU,S,36.9741171,-122.0307963,62864,California
Eden Prairie,HSBSH,S,44.8546856,-93.47078599999999,62603,Minnesota
Cheyenne,Amagt,S,41.1399814,-104.8202462,62448,Wyoming
Daytona Beach,eZQuo,S,29.2108147,-81.0228331,62316,Florida
Alpharetta,oUUDg,L,34.0753762,-84.2940899,62298,Georgia
Hamilton,CbeQK,S,39.3995008,-84.5613355,62258,Ohio
Waltham,ZBfsh,M,42.3764852,-71.2356113,62227,Massachusetts
Coon Rapids,FvhES,M,45.1732394,-93.30300629999999,62103,Minnesota
Haverhill,ldomP,S,42.7762015,-71.0772796,62088,Massachusetts
Council Bluffs,QnFtv,M,41.2619444,-95.8608333,61969,Iowa
Taylor,eQHIq,L,42.240872,-83.2696509,61817,Michigan
Utica,rhihY,S,43.100903,-75.232664,61808,New York
Ames,ScgLy,L,42.034722,-93.61999999999999,61792,Iowa
La Habra,TxJsD,L,33.9319578,-117.9461734,61653,California
Encinitas,XgfTL,M,33.0369867,-117.2919818,61588,California
Bowling Green,esjbO,S,36.9685219,-86.4808043,61488,Kentucky
Burnsville,puVXA,S,44.7677424,-93.27772259999999,61434,Minnesota
Greenville,rEUwW,M,34.85261759999999,-82.3940104,61397,South Carolina
West Des Moines,hAomW,S,41.5772115,-93.711332,61255,Iowa
Cedar Park,HtCeM,L,30.505198,-97.8202888,61238,Texas
Tulare,AhDNA,L,36.2077288,-119.3473379,61170,California
Monterey Park,KErsa,M,34.0625106,-118.1228476,61085,California
Vineland,bfbuU,L,39.4863773,-75.02596369999999,61050,New Jersey
Terre Haute,crBFQ,M,39.4667034,-87.41390919999999,61025,Indiana
North Miami,mFdLN,M,25.8900949,-80.1867138,61007,Florida
Mansfield,CVBrm,S,32.5631924,-97.1416768,60872,Texas
West Allis,qDQip,M,43.0166806,-88.0070315,60697,Wisconsin
Bristol,KUxkt,S,41.67176480000001,-72.9492703,60568,Connecticut
Taylorsville,qQbgw,L,40.66772479999999,-111.9388258,60519,Utah
Malden,FBeJv,S,42.4250964,-71.066163,60509,Massachusetts
Meriden,kJFpB,S,41.5381535,-72.80704349999999,60456,Connecticut
Blaine,glKdt,S,45.1607987,-93.23494889999999,60407,Minnesota
Wellington,Tocnf,M,26.6617635,-80.2683571,60202,Florida
Cupertino,JcCWb,M,37.3229978,-122.0321823,60189,California
Springfield,pXHPq,L,44.0462362,-123.0220289,60177,Oregon
Rogers,iRpPc,L,36.3320196,-94.1185366,60112,Arkansas
St. Clair Shores,CjhMA,S,42.4974085,-82.89636039999999,60070,Michigan
Gardena,mwCWY,L,33.8883487,-118.3089624,59957,California
Pontiac,BfPZz,L,42.6389216,-83.29104679999999,59887,Michigan
National City,XAFCB,L,32.6781085,-117.0991967,59834,California
Grand Junction,hQLuY,L,39.0638705,-108.5506486,59778,Colorado
Rocklin,bKFVJ,S,38.7907339,-121.2357828,59738,California
Chapel Hill,cCncM,S,35.9131996,-79.0558445,59635,North Carolina
Casper,NmlOX,L,42.866632,-106.313081,59628,Wyoming
Broomfield,Gmust,L,39.9205411,-105.0866504,59471,Colorado
Petaluma,Rxykd,L,38.232417,-122.6366524,59440,California
South Jordan,oWaGI,S,40.5621704,-111.929658,59366,Utah
Springfield,RsycJ,S,39.9242266,-83.8088171,59357,Ohio
Great Falls,RLIcT,L,47.4941836,-111.2833449,59351,Montana
Lancaster,xzYdQ,S,40.0378755,-76.3055144,59325,Pennsylvania
North Port,vDyzg,M,27.044224,-82.2359254,59212,Florida
Lakewood,UlCVn,L,47.1717649,-122.518458,59097,Washington
Marietta,FzEpU,S,33.95260200000001,-84.5499327,59089,Georgia
San Rafael,yBIot,S,37.9735346,-122.5310874,58994,California
Royal Oak,iyptw,M,42.4894801,-83.1446485,58946,Michigan
Des Plaines,xutyH,M,42.0333623,-87.88339909999999,58918,Illinois
Huntington Park,yJMiJ,M,33.9816812,-118.2250725,58879,California
La Mesa,NDifr,M,32.7678287,-117.0230839,58642,California
Orland Park,RLjJn,M,41.6303103,-87.85394250000002,58590,Illinois
Auburn,ufPuW,S,32.6098566,-85.48078249999999,58582,Alabama
Lakeville,SLgwX,L,44.6496868,-93.24271999999999,58562,Minnesota
Owensboro,NAEvs,S,37.7719074,-87.1111676,58416,Kentucky
Moore,eABiL,L,35.3395079,-97.48670279999999,58414,Oklahoma
Jupiter,fQuLm,M,26.9342246,-80.0942087,58298,Florida
Idaho Falls,ldnYd,S,43.49165139999999,-112.0339645,58292,Idaho
Dubuque,ltiCp,S,42.5005583,-90.66457179999999,58253,Iowa
Bartlett,HnpRj,M,35.2045328,-89.8739753,58226,Tennessee
Rowlett,OTaJQ,S,32.9029017,-96.56388,58043,Texas
Novi,ISWmm,L,42.48059,-83.4754913,57960,Michigan
White Plains,DahmV,S,41.03398620000001,-73.7629097,57866,New York
Arcadia,nNdzJ,M,34.1397292,-118.0353449,57639,California
Redmond,blkyR,L,47.6739881,-122.121512,57530,Washington
Lake Elsinore,WOYco,M,33.6680772,-117.3272615,57525,California
Ocala,pzkIS,L,29.1871986,-82.14009229999999,57468,Florida
Tinley Park,qeYBQ,S,41.5731442,-87.7932939,57282,Illinois
Port Orange,voZEK,L,29.1383165,-80.9956105,57203,Florida
Medford,rpnBO,M,42.4184296,-71.1061639,57170,Massachusetts
Oak Lawn,ZVuTI,S,41.719978,-87.7479528,57073,Illinois
Rocky Mount,BtlKJ,M,35.9382103,-77.7905339,56954,North Carolina
Kokomo,RbQBt,L,40.486427,-86.13360329999999,56895,Indiana
Coconut Creek,mZDVM,L,26.2517482,-80.17893509999999,56792,Florida
Bowie,SaNNh,L,39.0067768,-76.77913649999999,56759,Maryland
Berwyn,Ksnvj,M,41.85058739999999,-87.7936685,56758,Illinois
Midwest City,NlpJP,L,35.4495065,-97.3967019,56756,Oklahoma
Fountain Valley,qDBKc,L,33.7091847,-117.9536697,56707,California
Buckeye,ELRhJ,M,33.3703197,-112.5837766,56683,Arizona
Dearborn Heights,mZpJm,S,42.3369816,-83.27326269999999,56620,Michigan
Woodland,Myijg,L,38.67851570000001,-121.7732971,56590,California
Noblesville,HESXi,S,40.0455917,-86.0085955,56540,Indiana
Valdosta,zmKuF,L,30.8327022,-83.2784851,56481,Georgia
Diamond Bar,Zhwqx,S,34.0286226,-117.8103367,56449,California
Manhattan,mrMBd,S,39.18360819999999,-96.57166939999999,56143,Kansas
Santee,gRnNs,M,32.8383828,-116.9739167,56105,California
Taunton,AEaYi,M,41.900101,-71.0897674,56069,Massachusetts
Sanford,auACm,M,28.8028612,-81.269453,56002,Florida
Kettering,uxZcL,M,39.68950359999999,-84.1688274,55870,Ohio
New Brunswick,LLHRI,S,40.4862157,-74.4518188,55831,New Jersey
Decatur,Gfuml,S,34.6059253,-86.9833417,55816,Alabama
Chicopee,xpWFE,L,42.1487043,-72.6078672,55717,Massachusetts
Anderson,hzYwn,S,40.1053196,-85.6802541,55670,Indiana
Margate,asrDF,M,26.2445263,-80.206436,55456,Florida
Weymouth Town,WqXEo,L,42.2180724,-70.94103559999999,55419,Massachusetts
Hempstead,UzyND,S,40.7062128,-73.6187397,55361,New York
Corvallis,VfSTP,M,44.5645659,-123.2620435,55298,Oregon
Eastvale,KICbe,S,33.952463,-117.5848025,55191,California
Porterville,arcPj,S,36.06523,-119.0167679,55174,California
West Haven,xuXJD,M,41.2705484,-72.9469711,55046,Connecticut
Brentwood,LncVn,L,37.931868,-121.6957863,55000,California
Paramount,DpLms,S,33.8894598,-118.1597911,54980,California
Grand Forks,ukbYT,L,47.9252568,-97.0328547,54932,North Dakota
Georgetown,LUaMu,S,30.6332618,-97.6779842,54898,Texas
St. Peters,HlQhV,M,38.7874699,-90.6298922,54842,Missouri
Shoreline,xqytA,S,47.7556531,-122.3415178,54790,Washington
Mount Prospect,yRrjt,M,42.0664167,-87.9372908,54771,Illinois
Hanford,qnaRz,L,36.3274502,-119.6456844,54686,California
Normal,bLEdL,L,40.5142026,-88.9906312,54664,Illinois
Rosemead,nBWsX,L,34.0805651,-118.072846,54561,California
Lehi,YEDdv,M,40.3916172,-111.8507662,54382,Utah
Pocatello,Huqaw,L,42.8713032,-112.4455344,54350,Idaho
Highland,VEMDU,M,34.1283442,-117.2086513,54291,California
Novato,ScRaF,L,38.1074198,-122.5697032,54194,California
Port Arthur,IkEWb,L,29.8849504,-93.93994699999999,54135,Texas
Carson City,yUAkF,M,39.1637984,-119.7674034,54080,Nevada
San Marcos,vmMwF,L,29.8832749,-97.9413941,54076,Texas
Hendersonville,CxgDi,L,36.3047735,-86.6199957,54068,Tennessee
Elyria,EiFLE,L,41.3683798,-82.10764859999999,53956,Ohio
Revere,vebAI,M,42.4084302,-71.0119948,53756,Massachusetts
Pflugerville,hjmEW,S,30.4393696,-97.62000429999999,53752,Texas
Greenwood,XwqDz,L,39.6136578,-86.10665259999999,53665,Indiana
Bellevue,oTQNK,L,41.1543623,-95.9145568,53663,Nebraska
Wheaton,yfCFT,L,41.8661403,-88.1070127,53648,Illinois
Smyrna,sqipH,S,33.8839926,-84.51437609999999,53438,Georgia
Sarasota,vKHum,S,27.3364347,-82.53065269999999,53326,Florida
Blue Springs,GJYlu,L,39.0169509,-94.2816148,53294,Missouri
Colton,XsQNB,M,34.0739016,-117.3136547,53243,California
Euless,XyNYW,S,32.8370727,-97.08195409999999,53224,Texas
Castle Rock,KfNPE,L,39.3722121,-104.8560902,53063,Colorado
Cathedral City,zWLjt,S,33.7805388,-116.4668036,52977,California
Kingsport,LBZOO,M,36.548434,-82.5618186,52962,Tennessee
Lake Havasu City,jBUyx,S,34.483901,-114.3224548,52844,Arizona
Pensacola,BkcIO,M,30.42130899999999,-87.2169149,52703,Florida
Hoboken,npohD,S,40.7439905,-74.0323626,52575,New Jersey
Yucaipa,oHlSy,S,34.033625,-117.0430865,52536,California
Watsonville,ORjNJ,L,36.910231,-121.7568946,52477,California
Richland,nMeRc,S,46.2856907,-119.2844621,52413,Washington
Delano,KPZsa,L,35.7688425,-119.2470536,52403,California
Hoffman Estates,HjFMY,L,42.0629915,-88.12271989999999,52398,Illinois
Florissant,ZfISm,S,38.789217,-90.322614,52363,Missouri
Placentia,xdQSe,S,33.8722371,-117.8703363,52206,California
West New York,WZjPt,S,40.7878788,-74.0143064,52122,New Jersey
Dublin,uJKMn,M,37.7021521,-121.9357918,52105,California
Oak Park,ycZWf,L,41.8850317,-87.7845025,52066,Illinois
Peabody,jzDgS,S,42.5278731,-70.9286609,52044,Massachusetts
Perth Amboy,ThCjH,M,40.5067723,-74.2654234,51982,New Jersey
Battle Creek,LHQkS,M,42.3211522,-85.17971419999999,51848,Michigan
Bradenton,sEorK,S,27.4989278,-82.5748194,51763,Florida
Gilroy,mlKgn,S,37.0057816,-121.5682751,51701,California
Milford,wywHO,L,41.2306979,-73.064036,51644,Connecticut
Albany,YBGmN,S,44.6365107,-123.1059282,51583,Oregon
Ankeny,jBTfn,L,41.7317884,-93.6001278,51567,Iowa
La Crosse,NxHAX,L,43.8013556,-91.23958069999999,51522,Wisconsin
Burlington,BtXrB,M,36.0956918,-79.43779909999999,51510,North Carolina
DeSoto,SIGvq,L,32.5896998,-96.8570738,51483,Texas
Harrisonburg,YUuxM,S,38.4495688,-78.8689155,51395,Virginia
Minnetonka,lIxwY,M,44.9211836,-93.4687489,51368,Minnesota
Elkhart,WRTEU,M,41.6819935,-85.9766671,51265,Indiana
Lakewood,aYZse,L,41.4819932,-81.7981908,51143,Ohio
Glendora,uGymu,S,34.1361187,-117.865339,51074,California
Southaven,bdVkY,L,34.9889818,-90.0125913,50997,Mississippi
Charleston,xxxdQ,L,38.3498195,-81.6326234,50821,West Virginia
Joplin,TEoKF,S,37.08422710000001,-94.51328099999999,50789,Missouri
Enid,TqvHY,S,36.3955891,-97.8783911,50725,Oklahoma
Palm Beach Gardens,YrCmK,L,26.8233946,-80.13865469999999,50699,Florida
Brookhaven,AyODv,L,33.8651033,-84.3365917,50603,Georgia
Plainfield,SLGvg,M,40.6337136,-74.4073736,50588,New Jersey
Grand Island,xYRIJ,L,40.9263957,-98.3420118,50550,Nebraska
Palm Desert,mQdRc,M,33.7222445,-116.3744556,50508,California
Huntersville,PTuRg,S,35.410694,-80.84285040000002,50458,North Carolina
Tigard,sBYvZ,L,45.4312294,-122.7714861,50444,Oregon
Lenexa,obwvs,M,38.9536174,-94.73357089999999,50344,Kansas
Saginaw,FvafL,S,43.4194699,-83.9508068,50303,Michigan
Kentwood,Lophj,S,42.8694731,-85.64474919999999,50233,Michigan
Doral,kIGjc,M,25.8195424,-80.3553302,50213,Florida
Apple Valley,hzhfC,M,44.7319094,-93.21772000000001,50201,Minnesota
Grapevine,VcTBw,M,32.9342919,-97.0780654,50195,Texas
Aliso Viejo,SJmMg,M,33.5676842,-117.7256083,50175,California
Sammamish,eFaAS,M,47.61626829999999,-122.0355736,50169,Washington
Casa Grande,GAZpr,S,32.8795022,-111.7573521,50111,Arizona
Pinellas Park,RzlSK,M,27.8428025,-82.6995443,49998,Florida
Troy,WxaxZ,L,42.7284117,-73.69178509999999,49974,New York
West Sacramento,VwQUS,L,38.5804609,-121.530234,49891,California
Burien,wGTkG,S,47.4703767,-122.3467918,49858,Washington
Commerce City,xhwRj,S,39.8083196,-104.9338675,49799,Colorado
Monroe,SJElI,S,32.5093109,-92.1193012,49761,Louisiana
Cerritos,KUzqX,L,33.8583483,-118.0647871,49707,California
Downers Grove,aPylH,M,41.8089191,-88.01117459999999,49670,Illinois
Coral Gables,meNtD,M,25.72149,-80.2683838,49631,Florida
Wilson,pIQTk,S,35.7212689,-77.9155395,49628,North Carolina
Niagara Falls,ExDQm,M,43.0962143,-79.0377388,49468,New York
Poway,bXRMv,S,32.9628232,-117.0358646,49417,California
Edina,yBnce,M,44.8896866,-93.3499489,49376,Minnesota
Cuyahoga Falls,scuvi,L,41.1339449,-81.48455849999999,49267,Ohio
Rancho Santa Margarita,pgqEq,S,33.640855,-117.603104,49228,California
Harrisburg,ytYLT,S,40.2731911,-76.8867008,49188,Pennsylvania
Huntington,LDiYP,S,38.4192496,-82.44515400000002,49177,West Virginia
La Mirada,WKkXA,M,33.9172357,-118.0120086,49133,California
Cypress,ABviR,L,33.8169599,-118.0372852,49087,California
Caldwell,hJegb,S,43.66293839999999,-116.6873596,48957,Idaho
Logan,HKTiq,L,41.7369803,-111.8338359,48913,Utah
Galveston,OHnow,S,29.3013479,-94.7976958,48733,Texas
Sheboygan,FlrAk,S,43.7508284,-87.71453,48725,Wisconsin
Middletown,RFgpa,L,39.5150576,-84.39827629999999,48630,Ohio
Murray,saQBN,L,40.6668916,-111.8879909,48612,Utah
Roswell,Jkjcg,M,33.3942655,-104.5230242,48611,New Mexico
Parker,nPQjP,L,39.5186002,-104.7613633,48608,Colorado
Bedford,NdXau,M,32.844017,-97.1430671,48592,Texas
East Lansing,eNHsM,M,42.7369792,-84.48386540000001,48554,Michigan
Methuen,ntjoe,M,42.7262016,-71.1908924,48514,Massachusetts
Covina,uJhPn,M,34.0900091,-117.8903397,48508,California
Alexandria,AXiBL,L,31.3112936,-92.4451371,48426,Louisiana
Olympia,CqZhn,S,47.0378741,-122.9006951,48338,Washington
Euclid,CYcPN,M,41.5931049,-81.5267873,48139,Ohio
Mishawaka,DpXrY,L,41.6619927,-86.15861559999999,47989,Indiana
Salina,JZmGM,M,38.8402805,-97.61142369999999,47846,Kansas
Azusa,NAqcA,S,34.1336186,-117.9075627,47842,California
Newark,lTPEo,L,40.0581205,-82.4012642,47777,Ohio
Chesterfield,sTXYe,M,38.6631083,-90.5770675,47749,Missouri
Leesburg,gsXOr,L,39.1156615,-77.56360149999999,47673,Virginia
Dunwoody,YRwUE,S,33.9462125,-84.3346473,47591,Georgia
Hattiesburg,RHAuO,L,31.3271189,-89.29033919999999,47556,Mississippi
Roseville,INYMj,L,42.4972583,-82.9371409,47555,Michigan
Bonita Springs,qNgVE,L,26.339806,-81.7786972,47547,Florida
Portage,bPUCM,M,42.2011538,-85.5800022,47523,Michigan
St. Louis Park,NyHOc,L,44.9597376,-93.3702186,47411,Minnesota
Collierville,pwnlB,L,35.042036,-89.6645266,47333,Tennessee
Middletown,jcBdh,S,41.5623209,-72.6506488,47333,Connecticut
Stillwater,byOjC,M,36.1156071,-97.0583681,47186,Oklahoma
East Providence,AaqJK,M,41.8137116,-71.3700545,47149,Rhode Island
Lawrence,tzcPa,M,39.8386516,-86.0252612,47135,Indiana
Wauwatosa,Hkqpu,S,43.0494572,-88.0075875,47134,Wisconsin
Mentor,Iizvd,M,41.6661573,-81.339552,46979,Ohio
Ceres,RDqil,L,37.5949316,-120.9577098,46714,California
Cedar Hill,uHVWC,S,32.5884689,-96.9561152,46663,Texas
Mansfield,RJhmE,S,40.75839,-82.5154471,46454,Ohio
Binghamton,XvqqP,S,42.09868669999999,-75.91797380000001,46444,New York
Coeur d'Alene,xWhJf,L,47.6776832,-116.7804664,46402,Idaho
San Luis Obispo,yGLBj,L,35.2827524,-120.6596156,46377,California
Minot,dNYXo,L,48.2329668,-101.2922906,46321,North Dakota
Palm Springs,synBh,M,33.8302961,-116.5452921,46281,California
Pine Bluff,hgXTv,M,34.2284312,-92.00319549999999,46094,Arkansas
Texas City,QscgK,L,29.383845,-94.9027002,46081,Texas
Summerville,uDZNS,S,33.0185039,-80.17564809999999,46074,South Carolina
Twin Falls,gYdPd,S,42.5629668,-114.4608711,45981,Idaho
Jeffersonville,swMcN,S,38.2775702,-85.7371847,45929,Indiana
San Jacinto,huOCi,L,33.7839084,-116.958635,45851,California
Madison,XKpkB,S,34.6992579,-86.74833180000002,45799,Alabama
Altoona,IQIoQ,L,40.5186809,-78.3947359,45796,Pennsylvania
Columbus,Pqibt,M,39.2014404,-85.9213796,45775,Indiana
Beavercreek,QLYru,S,39.7092262,-84.06326849999999,45712,Ohio
Apopka,prNjp,S,28.6934076,-81.5322149,45587,Florida
Elmhurst,ywDgw,M,41.8994744,-87.9403418,45556,Illinois
Maricopa,EOuGi,S,33.0581063,-112.0476423,45508,Arizona
Farmington,qGCvQ,L,36.72805830000001,-108.2186856,45426,New Mexico
Glenview,IwMFG,L,42.0697509,-87.7878408,45417,Illinois
Cleveland Heights,RNCWl,S,41.5200518,-81.556235,45394,Ohio
Draper,iufYB,L,40.5246711,-111.8638226,45285,Utah
Lincoln,anlBU,M,38.891565,-121.2930079,45237,California
Sierra Vista,SPPBt,L,31.5455001,-110.2772856,45129,Arizona
Lacey,uDaMI,S,47.03426289999999,-122.8231915,44919,Washington
Biloxi,abUtW,M,30.3960318,-88.88530779999999,44820,Mississippi
Strongsville,bceYY,L,41.3144966,-81.83569,44730,Ohio
Barnstable Town,yIpfP,S,41.7003208,-70.3002024,44641,Massachusetts
Wylie,iapZh,S,33.0151201,-96.5388789,44575,Texas
Sayreville,xqxiX,L,40.45940210000001,-74.360846,44412,New Jersey
Kannapolis,GpVwe,L,35.4873613,-80.6217341,44359,North Carolina
Charlottesville,TfCjo,S,38.0293059,-78.47667810000002,44349,Virginia
Littleton,uSIuL,M,39.613321,-105.0166498,44275,Colorado
Titusville,DKhMG,L,28.6122187,-80.8075537,44206,Florida
Hackensack,UMzIr,M,40.8859325,-74.0434736,44113,New Jersey
Newark,JEcPe,L,37.5296593,-122.0402399,44096,California
Pittsfield,dHOWb,L,42.4500845,-73.2453824,44057,Massachusetts
York,MTtET,M,39.9625984,-76.727745,43935,Pennsylvania
Lombard,cDvSm,M,41.8800296,-88.00784349999999,43907,Illinois
Attleboro,YqlzQ,M,41.94454409999999,-71.2856082,43886,Massachusetts
DeKalb,TIIHZ,M,41.9294736,-88.75036469999999,43849,Illinois
Blacksburg,tQEig,M,37.2295733,-80.4139393,43609,Virginia
Dublin,zEpHg,L,40.0992294,-83.1140771,43607,Ohio
Haltom City,EJFNk,M,32.7995738,-97.26918169999999,43580,Texas
Lompoc,AvbxV,S,34.6391501,-120.4579409,43509,California
El Centro,HpTWl,L,32.792,-115.5630514,43363,California
Danville,QCjmN,M,37.8215929,-121.9999606,43341,California
Jefferson City,tzeZO,S,38.57670170000001,-92.1735164,43330,Missouri
Cutler Bay,Kwcjp,L,25.5808323,-80.34685929999999,43328,Florida
Oakland Park,pcROx,L,26.1723065,-80.1319893,43286,Florida
North Miami Beach,gAMtd,M,25.9331488,-80.1625463,43250,Florida
Freeport,VjKsx,S,40.6576022,-73.58318349999999,43167,New York
Moline,svunt,L,41.5067003,-90.51513419999999,43116,Illinois
Coachella,YuwRT,M,33.6803003,-116.173894,43092,California
Fort Pierce,hPeiL,S,27.4467056,-80.3256056,43074,Florida
Smyrna,uadTG,S,35.9828412,-86.5186045,43060,Tennessee
Bountiful,CcTQy,S,40.8893895,-111.880771,43023,Utah
Fond du Lac,MfVCP,S,43.7730448,-88.4470508,42970,Wisconsin
Everett,gfSXb,M,42.40843,-71.0536625,42935,Massachusetts
Danville,GPemI,M,36.5859718,-79.39502279999999,42907,Virginia
Keller,LohWj,S,32.9341893,-97.229298,42907,Texas
Belleville,AlHDZ,L,38.5200504,-89.9839935,42895,Illinois
Bell Gardens,rykeP,M,33.9652918,-118.1514588,42889,California
Cleveland,hAfge,M,35.1595182,-84.8766115,42774,Tennessee
North Lauderdale,HMraQ,M,26.217305,-80.2258811,42757,Florida
Fairfield,eRGZG,M,39.3454673,-84.5603187,42635,Ohio
Salem,BzeNi,M,42.51954,-70.8967155,42544,Massachusetts
Rancho Palos Verdes,dnagi,M,33.7444613,-118.3870173,42448,California
San Bruno,JIrDE,S,37.6304904,-122.4110835,42443,California
Concord,hYddv,M,43.2081366,-71.5375718,42419,New Hampshire
Burlington,NvIxY,M,44.4758825,-73.21207199999999,42284,Vermont
Apex,geUiu,M,35.732652,-78.85028559999999,42214,North Carolina
Midland,vFTOt,S,43.6155825,-84.2472116,42181,Michigan
Altamonte Springs,rLEAw,S,28.6611089,-81.3656242,42150,Florida
Hutchinson,jTOEa,S,38.0608445,-97.92977429999999,41889,Kansas
Buffalo Grove,UufKk,S,42.1662831,-87.9631308,41778,Illinois
Urbandale,NaMdF,M,41.6266555,-93.71216559999999,41776,Iowa
State College,vGgMR,L,40.7933949,-77.8600012,41757,Pennsylvania
Urbana,pqzjt,S,40.1105875,-88.2072697,41752,Illinois
Plainfield,qoWVi,L,41.632223,-88.2120315,41734,Illinois
Manassas,EzcZR,L,38.7509488,-77.47526669999999,41705,Virginia
Bartlett,XdLFb,L,41.9950276,-88.1856301,41679,Illinois
Kearny,WqIEX,M,40.7684342,-74.1454214,41664,New Jersey
Oro Valley,KsXVw,S,32.3909071,-110.966488,41627,Arizona
Findlay,pQOhV,M,41.04422,-83.6499321,41512,Ohio
Rohnert Park,sQwdy,L,38.3396367,-122.7010984,41398,California
Westfield,jaMrl,L,42.1250929,-72.749538,41301,Massachusetts
Linden,GRjmN,M,40.6220478,-74.24459019999999,41301,New Jersey
Sumter,emfQE,S,33.9204354,-80.3414693,41190,South Carolina
Wilkes-Barre,wRGlS,M,41.2459149,-75.88130749999999,41108,Pennsylvania
Woonsocket,YxXHJ,M,42.00287609999999,-71.51478390000001,41026,Rhode Island
Leominster,JHBjS,S,42.5250906,-71.759794,41002,Massachusetts
Shelton,vyoFP,L,41.3164856,-73.0931641,40999,Connecticut
Brea,cIism,S,33.9166805,-117.9000604,40963,California
Covington,OSbey,M,39.0836712,-84.5085536,40956,Kentucky
Rockwall,RLQox,S,32.93123360000001,-96.4597089,40922,Texas
Meridian,DLXXM,M,32.3643098,-88.703656,40921,Mississippi
Riverton,oFMyv,L,40.521893,-111.9391023,40921,Utah
St. Cloud,FMBqm,L,28.2489016,-81.2811801,40918,Florida
Quincy,RNPtE,S,39.9356016,-91.4098726,40915,Illinois
Morgan Hill,zpakt,M,37.1305012,-121.6543901,40836,California
Warren,NLIXr,L,41.2375569,-80.81841659999999,40768,Ohio
Edmonds,LWokn,L,47.8106521,-122.3773552,40727,Washington
Burleson,mEnMN,L,32.5420821,-97.3208492,40714,Texas
Beverly,jikCb,L,42.5584283,-70.880049,40664,Massachusetts
Mankato,hMhBO,L,44.1635775,-93.99939959999999,40641,Minnesota
Hagerstown,iPoPi,L,39.6417629,-77.71999319999999,40612,Maryland
Prescott,dqwSi,S,34.5400242,-112.4685025,40590,Arizona
Campbell,fQpRI,L,37.2871651,-121.9499568,40584,California
Cedar Falls,PqbsG,S,42.5348993,-92.4453161,40566,Iowa
Beaumont,DTWMq,L,33.9294606,-116.977248,40481,California
La Puente,gwbWS,L,34.0200114,-117.9495083,40435,California
Crystal Lake,yaSLi,L,42.2411344,-88.31619649999999,40388,Illinois
Fitchburg,NSXnP,L,42.5834228,-71.8022955,40383,Massachusetts
Carol Stream,btuqq,M,41.91252859999999,-88.13479269999999,40379,Illinois
Hickory,rGKjc,S,35.7344538,-81.3444573,40361,North Carolina
Streamwood,AMajW,S,42.0255827,-88.17840849999999,40351,Illinois
Norwich,zmeiH,M,41.5242649,-72.07591049999999,40347,Connecticut
Coppell,UodQV,M,32.9545687,-97.01500779999999,40342,Texas
San Gabriel,kFoXg,L,34.09611110000001,-118.1058333,40275,California
Holyoke,aVuXr,M,42.2042586,-72.6162009,40249,Massachusetts
Bentonville,uCgMd,M,36.3728538,-94.2088172,40167,Arkansas
Florence,hRuRL,S,34.79981,-87.677251,40059,Alabama
Peachtree Corners,tBSGm,M,33.9698929,-84.2214551,40059,Georgia
Brentwood,QJNYu,S,36.0331164,-86.78277720000001,40021,Tennessee
Bozeman,NUyOZ,L,45.6769979,-111.0429339,39860,Montana
New Berlin,qSebG,M,42.9764027,-88.1084224,39834,Wisconsin
Goose Creek,HXgiL,S,32.9810059,-80.03258670000001,39823,South Carolina
Huntsville,dziKG,L,30.7235263,-95.55077709999999,39795,Texas
Prescott Valley,xjIiO,S,34.6100243,-112.315721,39791,Arizona
Maplewood,rpbLk,L,44.9530215,-92.9952153,39765,Minnesota
Romeoville,DZcGC,M,41.6475306,-88.0895061,39650,Illinois
Duncanville,CRFfQ,M,32.6518004,-96.9083366,39605,Texas
Atlantic City,OiMKI,S,39.3642834,-74.4229266,39551,New Jersey
Clovis,BTAjc,L,34.4047987,-103.2052272,39508,New Mexico
The Colony,XXAjT,M,33.0806083,-96.89283089999999,39458,Texas
Culver City,IsNDn,L,34.0211224,-118.3964665,39428,California
Marlborough,QaUMN,M,42.3459271,-71.5522874,39414,Massachusetts
Hilton Head Island,wurcK,S,32.216316,-80.752608,39412,South Carolina
Moorhead,kpmEp,M,46.8737648,-96.76780389999999,39398,Minnesota
Calexico,iyUdi,M,32.6789476,-115.4988834,39389,California
Bullhead City,TUqOz,S,35.1359386,-114.5285981,39383,Arizona
Germantown,TQhEH,M,35.0867577,-89.8100858,39375,Tennessee
La Quinta,vNjvh,M,33.6633573,-116.3100095,39331,California
Lancaster,nCpCR,L,39.7136754,-82.5993294,39325,Ohio
Wausau,OisEW,M,44.9591352,-89.6301221,39309,Wisconsin
Sherman,rzWpv,S,33.6356618,-96.6088805,39296,Texas
Ocoee,raUeR,M,28.5691677,-81.5439619,39172,Florida
Shakopee,Nmidn,M,44.7973962,-93.5272861,39167,Minnesota
Woburn,TFkna,L,42.4792618,-71.1522765,39083,Massachusetts
Bremerton,fwNoW,S,47.5673202,-122.6329356,39056,Washington
Rock Island,Pfnjx,M,41.5094771,-90.5787476,38877,Illinois
Muskogee,gnIxY,S,35.7478769,-95.3696909,38863,Oklahoma
Cape Girardeau,eQsqH,S,37.3058839,-89.51814759999999,38816,Missouri
Annapolis,ekYdJ,L,38.9784453,-76.4921829,38722,Maryland
Greenacres,UqncH,S,26.6276276,-80.1353896,38696,Florida
Ormond Beach,bHvQY,L,29.2858129,-81.0558894,38661,Florida
Hallandale Beach,ooFMl,M,25.9812024,-80.14837899999999,38632,Florida
Stanton,BHMMR,L,33.8025155,-117.9931165,38623,California
Puyallup,iNHre,S,47.1853785,-122.2928974,38609,Washington
Pacifica,vneIJ,M,37.6138253,-122.4869194,38606,California
Hanover Park,LtozY,L,41.9994722,-88.1450735,38510,Illinois
Hurst,rDduE,S,32.8234621,-97.1705678,38448,Texas
Lima,yfBSp,M,40.742551,-84.1052256,38355,Ohio
Marana,hlorh,M,32.436381,-111.2224422,38290,Arizona
Carpentersville,hFHEe,L,42.1211364,-88.2578582,38241,Illinois
Oakley,ueVpT,S,37.9974219,-121.7124536,38194,California
Huber Heights,kARRM,S,39.843947,-84.12466080000002,38142,Ohio
Lancaster,HeRgG,M,32.5920798,-96.7561082,38071,Texas
Montclair,KtVeF,M,34.0775104,-117.6897776,38027,California
Wheeling,TYMCc,S,42.1391927,-87.9289591,38015,Illinois
Brookfield,rPlyx,M,43.0605671,-88.1064787,37999,Wisconsin
Park Ridge,RwoJX,S,42.0111412,-87.84061919999999,37839,Illinois
Florence,RnfWE,L,34.1954331,-79.7625625,37792,South Carolina
Roy,dLNJC,S,41.1616108,-112.0263313,37733,Utah
Winter Garden,wRVSD,L,28.5652787,-81.58618469999999,37711,Florida
Chelsea,naVXO,M,42.3917638,-71.0328284,37670,Massachusetts
Valley Stream,Vhrir,S,40.6642699,-73.70846449999999,37659,New York
Spartanburg,xnqgV,L,34.9495672,-81.9320482,37647,South Carolina
Lake Oswego,UAlSz,L,45.42067489999999,-122.6706498,37610,Oregon
Friendswood,soSos,L,29.5293998,-95.2010447,37587,Texas
Westerville,pBadJ,S,40.1261743,-82.92906959999999,37530,Ohio
Northglenn,DiAjh,L,39.8961821,-104.9811468,37499,Colorado
Phenix City,MGHhA,S,32.4709761,-85.0007653,37498,Alabama
Grove City,rWKmx,S,39.88145189999999,-83.0929644,37490,Ohio
Texarkana,JuHHk,L,33.425125,-94.04768820000001,37442,Texas
Addison,gosJF,M,41.931696,-87.9889556,37385,Illinois
Dover,wEXNf,M,39.158168,-75.5243682,37366,Delaware
Lincoln Park,erENa,M,42.2505943,-83.1785361,37313,Michigan
Calumet City,KIYze,S,41.6155909,-87.5294871,37240,Illinois
Muskegon,ZITXO,L,43.2341813,-86.24839209999999,37213,Michigan
Aventura,ukwKz,S,25.9564812,-80.1392121,37199,Florida
Martinez,fROpz,L,38.0193657,-122.1341321,37165,California
Greenfield,SOpJC,L,42.9614039,-88.0125865,37159,Wisconsin
Apache Junction,dEUJN,L,33.4150485,-111.5495777,37130,Arizona
Monrovia,SIymk,S,34.1442616,-118.0019482,37101,California
Weslaco,dGlTK,M,26.1595194,-97.9908366,37093,Texas
Keizer,rKzml,S,44.9901194,-123.0262077,37064,Oregon
Spanish Fork,lbbAI,M,40.114955,-111.654923,36956,Utah
Beloit,DJjpR,L,42.5083482,-89.03177649999999,36888,Wisconsin
Panama City,hejzM,S,30.1588129,-85.6602058,36877,Florida
